R_arrest_pct,one_shaft_pct,five_shafts_pct,battery_pct
5.000000000000000000e+01,2.256250000000000000e+01,7.900000000000000000e+01,3.999999999999998224e+00
5.012531328320801549e+01,2.267573696145124629e+01,7.904761904761905100e+01,3.999999999999998224e+00
5.025062656641603098e+01,2.278925736961451065e+01,7.909523809523810201e+01,3.999999999999998224e+00
5.037593984962406068e+01,2.290306122448980375e+01,7.914285714285715301e+01,3.999999999999998224e+00
5.050125313283208328e+01,2.301714852607709361e+01,7.919047619047618980e+01,3.999999999999998224e+00
5.062656641604009877e+01,2.313151927437641220e+01,7.923809523809524080e+01,3.999999999999998224e+00
5.075187969924812847e+01,2.324617346938776308e+01,7.928571428571429180e+01,3.999999999999998224e+00
5.087719298245614397e+01,2.336111111111111427e+01,7.933333333333332860e+01,3.999999999999998224e+00
5.100250626566415946e+01,2.347633219954649064e+01,7.938095238095237960e+01,3.999999999999998224e+00
5.112781954887217495e+01,2.359183673469387088e+01,7.942857142857143060e+01,3.999999999999998224e+00
5.125313283208019755e+01,2.370762471655328341e+01,7.947619047619048160e+01,3.999999999999998224e+00
5.137844611528822014e+01,2.382369614512472111e+01,7.952380952380953261e+01,3.999999999999998224e+00
5.150375939849624274e+01,2.394005102040816624e+01,7.957142857142856940e+01,3.999999999999998224e+00
5.162907268170425823e+01,2.405668934240361878e+01,7.961904761904762040e+01,3.999999999999998224e+00
5.175438596491228793e+01,2.417361111111111427e+01,7.966666666666665719e+01,3.999999999999998224e+00
5.187969924812030342e+01,2.429081632653061362e+01,7.971428571428572241e+01,3.999999999999998224e+00
5.200501253132831891e+01,2.440830498866213105e+01,7.976190476190477341e+01,3.999999999999998224e+00
5.213032581453633441e+01,2.452607709750567011e+01,7.980952380952381020e+01,3.999999999999998224e+00
5.225563909774435700e+01,2.464413265306121659e+01,7.985714285714286120e+01,3.999999999999998224e+00
5.238095238095238670e+01,2.476247165532879890e+01,7.990476190476189799e+01,3.999999999999998224e+00
5.250626566416040220e+01,2.488109410430839219e+01,7.995238095238094900e+01,3.999999999999998224e+00
5.263157894736841769e+01,2.500000000000000000e+01,8.000000000000000000e+01,3.999999999999998224e+00
5.275689223057644739e+01,2.511918934240363654e+01,8.004761904761905100e+01,3.999999999999998224e+00
5.288220551378446288e+01,2.523866213151927340e+01,8.009523809523810201e+01,3.999999999999998224e+00
5.300751879699247837e+01,2.535841836734693544e+01,8.014285714285713880e+01,3.999999999999998224e+00
5.313283208020050097e+01,2.547845804988661911e+01,8.019047619047618980e+01,3.999999999999998224e+00
5.325814536340851646e+01,2.559878117913832085e+01,8.023809523809524080e+01,3.999999999999998224e+00
5.338345864661654616e+01,2.571938775510203712e+01,8.028571428571427759e+01,3.999999999999998224e+00
5.350877192982456165e+01,2.584027777777777501e+01,8.033333333333332860e+01,3.999999999999998224e+00
5.363408521303257714e+01,2.596145124716552743e+01,8.038095238095237960e+01,3.999999999999998224e+00
5.375939849624060685e+01,2.608290816326531214e+01,8.042857142857143060e+01,3.999999999999998224e+00
5.388471177944862234e+01,2.620464852607710782e+01,8.047619047619048160e+01,3.999999999999998224e+00
5.401002506265663783e+01,2.632667233560090381e+01,8.052380952380951840e+01,3.999999999999998224e+00
5.413533834586466043e+01,2.644897959183672853e+01,8.057142857142856940e+01,3.999999999999998224e+00
5.426065162907267592e+01,2.657157029478457488e+01,8.061904761904760619e+01,3.999999999999998224e+00
5.438596491228070562e+01,2.669444444444444997e+01,8.066666666666665719e+01,3.999999999999998224e+00
5.451127819548872111e+01,2.681760204081632892e+01,8.071428571428572241e+01,3.999999999999998224e+00
5.463659147869673660e+01,2.694104308390021885e+01,8.076190476190475920e+01,3.999999999999998224e+00
5.476190476190476630e+01,2.706476757369616237e+01,8.080952380952382441e+01,3.999999999999998224e+00
5.488721804511278179e+01,2.718877551020408134e+01,8.085714285714284699e+01,3.999999999999998224e+00
5.501253132832080439e+01,2.731306689342403615e+01,8.090476190476189799e+01,3.999999999999998224e+00
5.513784461152881988e+01,2.743764172335600904e+01,8.095238095238094900e+01,3.999999999999998224e+00
5.526315789473683537e+01,2.756249999999998934e+01,8.100000000000000000e+01,3.999999999999998224e+00
5.538847117794486508e+01,2.768764172335601970e+01,8.104761904761905100e+01,3.999999999999998224e+00
5.551378446115288057e+01,2.781306689342403615e+01,8.109523809523808779e+01,3.999999999999998224e+00
5.563909774436089606e+01,2.793877551020408490e+01,8.114285714285713880e+01,3.999999999999998224e+00
5.576441102756892576e+01,2.806476757369615882e+01,8.119047619047620401e+01,3.999999999999998224e+00
5.588972431077694125e+01,2.819104308390024016e+01,8.123809523809522659e+01,3.999999999999998224e+00
5.601503759398496385e+01,2.831760204081633603e+01,8.128571428571429180e+01,3.999999999999998224e+00
5.614035087719297934e+01,2.844444444444444287e+01,8.133333333333332860e+01,3.999999999999998224e+00
5.626566416040099483e+01,2.857157029478458199e+01,8.138095238095237960e+01,3.999999999999998224e+00
5.639097744360902453e+01,2.869897959183674274e+01,8.142857142857143060e+01,3.999999999999998224e+00
5.651629072681704002e+01,2.882667233560091802e+01,8.147619047619049581e+01,3.999999999999998224e+00
5.664160401002506262e+01,2.895464852607709361e+01,8.152380952380951840e+01,3.999999999999998224e+00
5.676691729323308522e+01,2.908290816326531569e+01,8.157142857142858361e+01,3.999999999999998224e+00
5.689223057644110781e+01,2.921145124716554164e+01,8.161904761904762040e+01,3.999999999999998224e+00
5.701754385964912331e+01,2.934027777777778567e+01,8.166666666666667140e+01,3.999999999999998224e+00
5.714285714285713880e+01,2.946938775510205133e+01,8.171428571428570820e+01,3.999999999999998224e+00
5.726817042606515429e+01,2.959878117913831730e+01,8.176190476190475920e+01,3.999999999999998224e+00
5.739348370927318399e+01,2.972845804988662977e+01,8.180952380952379599e+01,3.999999999999998224e+00
5.751879699248119948e+01,2.985841836734694610e+01,8.185714285714287541e+01,3.999999999999998224e+00
5.764411027568922208e+01,2.998866213151927695e+01,8.190476190476189799e+01,3.999999999999998224e+00
5.776942355889724467e+01,3.011918934240363654e+01,8.195238095238096321e+01,3.999999999999998224e+00
5.789473684210526727e+01,3.025000000000000355e+01,8.200000000000000000e+01,3.999999999999998224e+00
5.802005012531328276e+01,3.038109410430839219e+01,8.204761904761906521e+01,3.999999999999998224e+00
5.814536340852129825e+01,3.051247165532880601e+01,8.209523809523808779e+01,3.999999999999998224e+00
5.827067669172932085e+01,3.064413265306122724e+01,8.214285714285715301e+01,3.999999999999998224e+00
5.839598997493734345e+01,3.077607709750567011e+01,8.219047619047617559e+01,3.999999999999998224e+00
5.852130325814536604e+01,3.090830498866213460e+01,8.223809523809524080e+01,3.999999999999998224e+00
5.864661654135338154e+01,3.104081632653061362e+01,8.228571428571427759e+01,3.999999999999998224e+00
5.877192982456141124e+01,3.117361111111111072e+01,8.233333333333334281e+01,3.999999999999998224e+00
5.889724310776942673e+01,3.130668934240363299e+01,8.238095238095237960e+01,3.999999999999998224e+00
5.902255639097744222e+01,3.144005102040816624e+01,8.242857142857144481e+01,3.999999999999998224e+00
5.914786967418545771e+01,3.157369614512471756e+01,8.247619047619046739e+01,3.999999999999998224e+00
5.927318295739348031e+01,3.170762471655329051e+01,8.252380952380953261e+01,3.999999999999998224e+00
5.939849624060150290e+01,3.184183673469387799e+01,8.257142857142855519e+01,3.999999999999998224e+00
5.952380952380952550e+01,3.197633219954648709e+01,8.261904761904762040e+01,3.999999999999998224e+00
5.964912280701754099e+01,3.211111111111110716e+01,8.266666666666665719e+01,3.999999999999998224e+00
5.977443609022557069e+01,3.224617346938777018e+01,8.271428571428572241e+01,3.999999999999998224e+00
5.989974937343358619e+01,3.238151927437641575e+01,8.276190476190474499e+01,3.999999999999998224e+00
6.002506265664160168e+01,3.251714852607709361e+01,8.280952380952382441e+01,3.999999999999998224e+00
6.015037593984962427e+01,3.265306122448979664e+01,8.285714285714284699e+01,3.999999999999998224e+00
6.027568922305763977e+01,3.278925736961451065e+01,8.290476190476191221e+01,3.999999999999998224e+00
6.040100250626566947e+01,3.292573696145125695e+01,8.295238095238094900e+01,3.999999999999998224e+00
6.052631578947368496e+01,3.306249999999999289e+01,8.300000000000000000e+01,3.999999999999998224e+00
6.065162907268170045e+01,3.319954648526076824e+01,8.304761904761903679e+01,3.999999999999998224e+00
6.077694235588973015e+01,3.333687641723356876e+01,8.309523809523810201e+01,3.999999999999998224e+00
6.090225563909774564e+01,3.347448979591837315e+01,8.314285714285715301e+01,3.999999999999998224e+00
6.102756892230576113e+01,3.361238662131519561e+01,8.319047619047618980e+01,3.999999999999998224e+00
6.115288220551378373e+01,3.375056689342402905e+01,8.323809523809522659e+01,3.999999999999998224e+00
6.127819548872179922e+01,3.388903061224489477e+01,8.328571428571429180e+01,3.999999999999998224e+00
6.140350877192982892e+01,3.402777777777778567e+01,8.333333333333334281e+01,3.999999999999998224e+00
6.152882205513784442e+01,3.416680839002268044e+01,8.338095238095239381e+01,3.999999999999998224e+00
6.165413533834585991e+01,3.430612244897957908e+01,8.342857142857141639e+01,3.999999999999998224e+00
6.177944862155388961e+01,3.444571995464853842e+01,8.347619047619048160e+01,3.999999999999998224e+00
6.190476190476190510e+01,3.458560090702949452e+01,8.352380952380953261e+01,3.999999999999998224e+00
6.203007518796992770e+01,3.472576530612245449e+01,8.357142857142856940e+01,3.999999999999998224e+00
6.215538847117794319e+01,3.486621315192743964e+01,8.361904761904762040e+01,3.999999999999998224e+00
6.228070175438595868e+01,3.500694444444442865e+01,8.366666666666667140e+01,3.999999999999998224e+00
6.240601503759398838e+01,3.514795918367348548e+01,8.371428571428572241e+01,3.999999999999998224e+00
6.253132832080200387e+01,3.528925736961451065e+01,8.376190476190477341e+01,3.999999999999998224e+00
6.265664160401001936e+01,3.543083900226757521e+01,8.380952380952381020e+01,3.999999999999998224e+00
6.278195488721804907e+01,3.557270408163266495e+01,8.385714285714286120e+01,3.999999999999998224e+00
6.290726817042606456e+01,3.571485260770976566e+01,8.390476190476189799e+01,3.999999999999998224e+00
6.303258145363408715e+01,3.585728458049887735e+01,8.395238095238096321e+01,3.999999999999998224e+00
6.315789473684210265e+01,3.600000000000000000e+01,8.400000000000001421e+01,3.999999999999998224e+00
6.328320802005011814e+01,3.614299886621314783e+01,8.404761904761905100e+01,3.999999999999998224e+00
6.340852130325814784e+01,3.628628117913832796e+01,8.409523809523810201e+01,3.999999999999998224e+00
6.353383458646616333e+01,3.642984693877551905e+01,8.414285714285713880e+01,3.999999999999998224e+00
6.365914786967417882e+01,3.657369614512472111e+01,8.419047619047618980e+01,3.999999999999998224e+00
6.378446115288220852e+01,3.671782879818594836e+01,8.423809523809524080e+01,3.999999999999998224e+00
6.390977443609023112e+01,3.686224489795918657e+01,8.428571428571429180e+01,3.999999999999998224e+00
6.403508771929824661e+01,3.700694444444444997e+01,8.433333333333334281e+01,3.999999999999998224e+00
6.416040100250626210e+01,3.715192743764173144e+01,8.438095238095237960e+01,3.999999999999998224e+00
6.428571428571427759e+01,3.729719387755100968e+01,8.442857142857143060e+01,3.999999999999998224e+00
6.441102756892230730e+01,3.744274376417234151e+01,8.447619047619048160e+01,3.999999999999998224e+00
6.453634085213032279e+01,3.758857709750567722e+01,8.452380952380951840e+01,3.999999999999998224e+00
6.466165413533833828e+01,3.773469387755102389e+01,8.457142857142856940e+01,3.999999999999998224e+00
6.478696741854636798e+01,3.788109410430839574e+01,8.461904761904762040e+01,3.999999999999998224e+00
6.491228070175438347e+01,3.802777777777778567e+01,8.466666666666667140e+01,3.999999999999998224e+00
6.503759398496239896e+01,3.817474489795918657e+01,8.471428571428572241e+01,3.999999999999998224e+00
6.516290726817042867e+01,3.832199546485261266e+01,8.476190476190475920e+01,3.999999999999998224e+00
6.528822055137844416e+01,3.846952947845805681e+01,8.480952380952381020e+01,3.999999999999998224e+00
6.541353383458647386e+01,3.861734693877551194e+01,8.485714285714284699e+01,3.999999999999998224e+00
6.553884711779448935e+01,3.876544784580499226e+01,8.490476190476189799e+01,3.999999999999998224e+00
6.566416040100250484e+01,3.891383219954648354e+01,8.495238095238096321e+01,3.999999999999998224e+00
6.578947368421053454e+01,3.906250000000000000e+01,8.500000000000000000e+01,3.999999999999998224e+00
6.591478696741855003e+01,3.921145124716552743e+01,8.504761904761905100e+01,3.999999999999998224e+00
6.604010025062656553e+01,3.936068594104308005e+01,8.509523809523808779e+01,3.999999999999998224e+00
6.616541353383458102e+01,3.951020408163265074e+01,8.514285714285713880e+01,3.999999999999998224e+00
6.629072681704259651e+01,3.966000566893423951e+01,8.519047619047618980e+01,3.999999999999998224e+00
6.641604010025062621e+01,3.981009070294783925e+01,8.523809523809524080e+01,3.999999999999998224e+00
6.654135338345864170e+01,3.996045918367346417e+01,8.528571428571429180e+01,3.999999999999998224e+00
6.666666666666665719e+01,4.011111111111110716e+01,8.533333333333332860e+01,3.999999999999998224e+00
6.679197994987468689e+01,4.026204648526078245e+01,8.538095238095237960e+01,3.999999999999998224e+00
6.691729323308270239e+01,4.041326530612244028e+01,8.542857142857143060e+01,3.999999999999998224e+00
6.704260651629073209e+01,4.056476757369614461e+01,8.547619047619046739e+01,3.999999999999998224e+00
6.716791979949874758e+01,4.071655328798185280e+01,8.552380952380951840e+01,3.999999999999998224e+00
6.729323308270676307e+01,4.086862244897958618e+01,8.557142857142856940e+01,3.999999999999998224e+00
6.741854636591479277e+01,4.102097505668935185e+01,8.561904761904762040e+01,3.999999999999998224e+00
6.754385964912280826e+01,4.117361111111110006e+01,8.566666666666667140e+01,3.999999999999998224e+00
6.766917293233082376e+01,4.132653061224488766e+01,8.571428571428570820e+01,3.999999999999998224e+00
6.779448621553885346e+01,4.147973356009070756e+01,8.576190476190475920e+01,3.999999999999998224e+00
6.791979949874686895e+01,4.163321995464853131e+01,8.580952380952379599e+01,3.999999999999998224e+00
6.804511278195488444e+01,4.178698979591837315e+01,8.585714285714286120e+01,3.999999999999998224e+00
6.817042606516289993e+01,4.194104308390021174e+01,8.590476190476191221e+01,3.999999999999998224e+00
6.829573934837091542e+01,4.209537981859408973e+01,8.595238095238094900e+01,3.999999999999998224e+00
6.842105263157894512e+01,4.225000000000000711e+01,8.600000000000000000e+01,3.999999999999998224e+00
6.854636591478696062e+01,4.240490362811792124e+01,8.604761904761903679e+01,3.999999999999998224e+00
6.867167919799499032e+01,4.256009070294785346e+01,8.609523809523808779e+01,3.999999999999998224e+00
6.879699248120300581e+01,4.271556122448981085e+01,8.614285714285713880e+01,3.999999999999998224e+00
6.892230576441103551e+01,4.287131519274377922e+01,8.619047619047620401e+01,3.999999999999998224e+00
6.904761904761905100e+01,4.302735260770975145e+01,8.623809523809524080e+01,3.999999999999998224e+00
6.917293233082706649e+01,4.318367346938775597e+01,8.628571428571427759e+01,3.999999999999998224e+00
6.929824561403508199e+01,4.334027777777776436e+01,8.633333333333332860e+01,3.999999999999998224e+00
6.942355889724311169e+01,4.349716553287983345e+01,8.638095238095239381e+01,3.999999999999998224e+00
6.954887218045112718e+01,4.365433673469388509e+01,8.642857142857141639e+01,3.999999999999998224e+00
6.967418546365914267e+01,4.381179138321994770e+01,8.647619047619046739e+01,3.999999999999998224e+00
6.979949874686717237e+01,4.396952947845806392e+01,8.652380952380951840e+01,3.999999999999998224e+00
6.992481203007518786e+01,4.412755102040817690e+01,8.657142857142858361e+01,3.999999999999998224e+00
7.005012531328320335e+01,4.428585600907030795e+01,8.661904761904762040e+01,3.999999999999998224e+00
7.017543859649121885e+01,4.444444444444444287e+01,8.666666666666665719e+01,3.999999999999998224e+00
7.030075187969924855e+01,4.460331632653060296e+01,8.671428571428570820e+01,3.999999999999998224e+00
7.042606516290726404e+01,4.476247165532880956e+01,8.676190476190477341e+01,3.999999999999998224e+00
7.055137844611529374e+01,4.492191043083901292e+01,8.680952380952379599e+01,3.999999999999998224e+00
7.067669172932330923e+01,4.508163265306123435e+01,8.685714285714286120e+01,3.999999999999998224e+00
7.080200501253133893e+01,4.524163832199546675e+01,8.690476190476189799e+01,3.999999999999998224e+00
7.092731829573935443e+01,4.540192743764173144e+01,8.695238095238096321e+01,3.999999999999998224e+00
7.105263157894736992e+01,4.556250000000000711e+01,8.699999999999998579e+01,3.999999999999998224e+00
7.117794486215538541e+01,4.572335600907030084e+01,8.704761904761906521e+01,3.999999999999998224e+00
7.130325814536340090e+01,4.588449546485261266e+01,8.709523809523808779e+01,3.999999999999998224e+00
7.142857142857143060e+01,4.604591836734694255e+01,8.714285714285715301e+01,3.999999999999998224e+00
7.155388471177944609e+01,4.620762471655329051e+01,8.719047619047618980e+01,3.999999999999998224e+00
7.167919799498746158e+01,4.636961451247165655e+01,8.723809523809524080e+01,3.999999999999998224e+00
7.180451127819549129e+01,4.653188775510204067e+01,8.728571428571427759e+01,3.999999999999998224e+00
7.192982456140350678e+01,4.669444444444444287e+01,8.733333333333334281e+01,3.999999999999998224e+00
7.205513784461152227e+01,4.685728458049887024e+01,8.738095238095236539e+01,3.999999999999998224e+00
7.218045112781953776e+01,4.702040816326530859e+01,8.742857142857143060e+01,3.999999999999998224e+00
7.230576441102756746e+01,4.718381519274376501e+01,8.747619047619046739e+01,3.999999999999998224e+00
7.243107769423559716e+01,4.734750566893423951e+01,8.752380952380953261e+01,3.999999999999998224e+00
7.255639097744361266e+01,4.751147959183673919e+01,8.757142857142856940e+01,3.999999999999998224e+00
7.268170426065162815e+01,4.767573696145124984e+01,8.761904761904763461e+01,3.999999999999998224e+00
7.280701754385965785e+01,4.784027777777777146e+01,8.766666666666665719e+01,3.999999999999998224e+00
7.293233082706767334e+01,4.800510204081632537e+01,8.771428571428572241e+01,3.999999999999998224e+00
7.305764411027568883e+01,4.817020975056689025e+01,8.776190476190475920e+01,3.999999999999998224e+00
7.318295739348370432e+01,4.833560090702947321e+01,8.780952380952381020e+01,3.999999999999998224e+00
7.330827067669171981e+01,4.850127551020408134e+01,8.785714285714284699e+01,3.999999999999998224e+00
7.343358395989974952e+01,4.866723356009070045e+01,8.790476190476191221e+01,3.999999999999998224e+00
7.355889724310776501e+01,4.883347505668933763e+01,8.795238095238093479e+01,3.999999999999998224e+00
7.368421052631578050e+01,4.899999999999999289e+01,8.800000000000001421e+01,3.999999999999998224e+00
7.380952380952381020e+01,4.916680839002268755e+01,8.804761904761905100e+01,3.999999999999998224e+00
7.393483709273182569e+01,4.933390022675735764e+01,8.809523809523810201e+01,3.999999999999998224e+00
7.406015037593985539e+01,4.950127551020407424e+01,8.814285714285713880e+01,3.999999999999998224e+00
7.418546365914787089e+01,4.966893424036280180e+01,8.819047619047620401e+01,3.999999999999998224e+00
7.431077694235588638e+01,4.983687641723354744e+01,8.823809523809522659e+01,3.999999999999998224e+00
7.443609022556391608e+01,5.000510204081633248e+01,8.828571428571429180e+01,3.999999999999998224e+00
7.456140350877193157e+01,5.017361111111110716e+01,8.833333333333331439e+01,3.999999999999998224e+00
7.468671679197994706e+01,5.034240362811790703e+01,8.838095238095237960e+01,3.999999999999998224e+00
7.481203007518797676e+01,5.051147959183673919e+01,8.842857142857143060e+01,3.999999999999998224e+00
7.493734335839599225e+01,5.068083900226757521e+01,8.847619047619048160e+01,3.999999999999998224e+00
7.506265664160400775e+01,5.085048185941043641e+01,8.852380952380953261e+01,3.999999999999998224e+00
7.518796992481202324e+01,5.102040816326529438e+01,8.857142857142858361e+01,3.999999999999998224e+00
7.531328320802003873e+01,5.119061791383218463e+01,8.861904761904760619e+01,3.999999999999998224e+00
7.543859649122806843e+01,5.136111111111111427e+01,8.866666666666667140e+01,3.999999999999998224e+00
7.556390977443608392e+01,5.153188775510204778e+01,8.871428571428572241e+01,3.999999999999998224e+00
7.568922305764409941e+01,5.170294784580497094e+01,8.876190476190475920e+01,3.999999999999998224e+00
7.581453634085212911e+01,5.187429138321996902e+01,8.880952380952381020e+01,3.999999999999998224e+00
7.593984962406014461e+01,5.204591836734695676e+01,8.885714285714286120e+01,3.999999999999998224e+00
7.606516290726817431e+01,5.221782879818594125e+01,8.890476190476191221e+01,3.999999999999998224e+00
7.619047619047618980e+01,5.239002267573695804e+01,8.895238095238096321e+01,3.999999999999998224e+00
7.631578947368420529e+01,5.256249999999997868e+01,8.899999999999998579e+01,3.999999999999998224e+00
7.644110275689223499e+01,5.273526077097506715e+01,8.904761904761905100e+01,3.999999999999998224e+00
7.656641604010025048e+01,5.290830498866212395e+01,8.909523809523808779e+01,3.999999999999998224e+00
7.669172932330826598e+01,5.308163265306122014e+01,8.914285714285713880e+01,3.999999999999998224e+00
7.681704260651629568e+01,5.325524376417234151e+01,8.919047619047620401e+01,3.999999999999998224e+00
7.694235588972431117e+01,5.342913832199547386e+01,8.923809523809524080e+01,3.999999999999998224e+00
7.706766917293232666e+01,5.360331632653062428e+01,8.928571428571429180e+01,3.999999999999998224e+00
7.719298245614034215e+01,5.377777777777777146e+01,8.933333333333332860e+01,3.999999999999998224e+00
7.731829573934835764e+01,5.395252267573695804e+01,8.938095238095237960e+01,3.999999999999998224e+00
7.744360902255638734e+01,5.412755102040816979e+01,8.942857142857143060e+01,3.999999999999998224e+00
7.756892230576440284e+01,5.430286281179138541e+01,8.947619047619048160e+01,3.999999999999998224e+00
7.769423558897243254e+01,5.447845804988662621e+01,8.952380952380953261e+01,3.999999999999998224e+00
7.781954887218046224e+01,5.465433673469388509e+01,8.957142857142856940e+01,3.999999999999998224e+00
7.794486215538847773e+01,5.483049886621316205e+01,8.961904761904762040e+01,3.999999999999998224e+00
7.807017543859649322e+01,5.500694444444444997e+01,8.966666666666667140e+01,3.999999999999998224e+00
7.819548872180450871e+01,5.518367346938776308e+01,8.971428571428570820e+01,3.999999999999998224e+00
7.832080200501252421e+01,5.536068594104308715e+01,8.976190476190475920e+01,3.999999999999998224e+00
7.844611528822055391e+01,5.553798185941043641e+01,8.980952380952381020e+01,3.999999999999998224e+00
7.857142857142856940e+01,5.571556122448979664e+01,8.985714285714286120e+01,3.999999999999998224e+00
7.869674185463658489e+01,5.589342403628118205e+01,8.990476190476191221e+01,3.999999999999998224e+00
7.882205513784461459e+01,5.607157029478457844e+01,8.995238095238094900e+01,3.999999999999998224e+00
7.894736842105263008e+01,5.625000000000000000e+01,9.000000000000000000e+01,3.999999999999998224e+00
7.907268170426064557e+01,5.642871315192743253e+01,9.004761904761903679e+01,3.999999999999998224e+00
7.919799498746866107e+01,5.660770975056689025e+01,9.009523809523810201e+01,3.999999999999998224e+00
7.932330827067669077e+01,5.678698979591836604e+01,9.014285714285715301e+01,3.999999999999998224e+00
7.944862155388470626e+01,5.696655328798185991e+01,9.019047619047618980e+01,3.999999999999998224e+00
7.957393483709273596e+01,5.714640022675736475e+01,9.023809523809524080e+01,3.999999999999998224e+00
7.969924812030075145e+01,5.732653061224489477e+01,9.028571428571427759e+01,3.999999999999998224e+00
7.982456140350878115e+01,5.750694444444444287e+01,9.033333333333332860e+01,3.999999999999998224e+00
7.994987468671679665e+01,5.768764172335600904e+01,9.038095238095237960e+01,3.999999999999998224e+00
8.007518796992481214e+01,5.786862244897959329e+01,9.042857142857143060e+01,3.999999999999998224e+00
8.020050125313282763e+01,5.804988662131518140e+01,9.047619047619048160e+01,3.999999999999998224e+00
8.032581453634084312e+01,5.823143424036280180e+01,9.052380952380951840e+01,3.999999999999998224e+00
8.045112781954887282e+01,5.841326530612244028e+01,9.057142857142856940e+01,3.999999999999998224e+00
8.057644110275688831e+01,5.859537981859409683e+01,9.061904761904762040e+01,3.999999999999998224e+00
8.070175438596490380e+01,5.877777777777777146e+01,9.066666666666665719e+01,3.999999999999998224e+00
8.082706766917293351e+01,5.896045918367347838e+01,9.071428571428570820e+01,3.999999999999998224e+00
8.095238095238094900e+01,5.914342403628118916e+01,9.076190476190475920e+01,3.999999999999998224e+00
8.107769423558896449e+01,5.932667233560089670e+01,9.080952380952381020e+01,3.999999999999998224e+00
8.120300751879699419e+01,5.951020408163264364e+01,9.085714285714286120e+01,3.999999999999998224e+00
8.132832080200500968e+01,5.969401927437640865e+01,9.090476190476189799e+01,3.999999999999998224e+00
8.145363408521303938e+01,5.987811791383220594e+01,9.095238095238094900e+01,3.999999999999998224e+00
8.157894736842105488e+01,6.006249999999998579e+01,9.099999999999998579e+01,3.999999999999998224e+00
8.170426065162907037e+01,6.024716553287981213e+01,9.104761904761903679e+01,3.999999999999998224e+00
8.182957393483710007e+01,6.043211451247165655e+01,9.109523809523810201e+01,3.999999999999998224e+00
8.195488721804511556e+01,6.061734693877550484e+01,9.114285714285713880e+01,3.999999999999998224e+00
8.208020050125313105e+01,6.080286281179137831e+01,9.119047619047618980e+01,3.999999999999998224e+00
8.220551378446114654e+01,6.098866213151925564e+01,9.123809523809522659e+01,3.999999999999998224e+00
8.233082706766916203e+01,6.117474489795916526e+01,9.128571428571427759e+01,3.999999999999998224e+00
8.245614035087719174e+01,6.136111111111111427e+01,9.133333333333332860e+01,3.999999999999998224e+00
8.258145363408520723e+01,6.154776077097506004e+01,9.138095238095237960e+01,3.999999999999998224e+00
8.270676691729322272e+01,6.173469387755101678e+01,9.142857142857143060e+01,3.999999999999998224e+00
8.283208020050125242e+01,6.192191043083901292e+01,9.147619047619048160e+01,3.999999999999998224e+00
8.295739348370926791e+01,6.210941043083902002e+01,9.152380952380951840e+01,3.999999999999998224e+00
8.308270676691729761e+01,6.229719387755101678e+01,9.157142857142856940e+01,3.999999999999998224e+00
8.320802005012531311e+01,6.248526077097504583e+01,9.161904761904760619e+01,3.999999999999998224e+00
8.333333333333332860e+01,6.267361111111108585e+01,9.166666666666665719e+01,3.999999999999998224e+00
8.345864661654135830e+01,6.286224489795919368e+01,9.171428571428570820e+01,3.999999999999998224e+00
8.358395989974937379e+01,6.305116213151929117e+01,9.176190476190477341e+01,3.999999999999998224e+00
8.370927318295738928e+01,6.324036281179137120e+01,9.180952380952381020e+01,3.999999999999998224e+00
8.383458646616541898e+01,6.342984693877552616e+01,9.185714285714287541e+01,3.999999999999998224e+00
8.395989974937343447e+01,6.361961451247167076e+01,9.190476190476189799e+01,3.999999999999998224e+00
8.408521303258144997e+01,6.380966553287981924e+01,9.195238095238096321e+01,3.999999999999998224e+00
8.421052631578946546e+01,6.399999999999999289e+01,9.200000000000000000e+01,3.999999999999998224e+00
8.433583959899748095e+01,6.419061791383219884e+01,9.204761904761905100e+01,3.999999999999998224e+00
8.446115288220551065e+01,6.438151927437641575e+01,9.209523809523808779e+01,3.999999999999998224e+00
8.458646616541352614e+01,6.457270408163266495e+01,9.214285714285715301e+01,3.999999999999998224e+00
8.471177944862155584e+01,6.476417233560091802e+01,9.219047619047617559e+01,3.999999999999998224e+00
8.483709273182957133e+01,6.495592403628118916e+01,9.223809523809525501e+01,3.999999999999998224e+00
8.496240601503760104e+01,6.514795918367347838e+01,9.228571428571427759e+01,3.999999999999998224e+00
8.508771929824561653e+01,6.534027777777777146e+01,9.233333333333334281e+01,3.999999999999998224e+00
8.521303258145363202e+01,6.553287981859409683e+01,9.238095238095237960e+01,3.999999999999998224e+00
8.533834586466164751e+01,6.572576530612245449e+01,9.242857142857144481e+01,3.999999999999998224e+00
8.546365914786967721e+01,6.591893424036281601e+01,9.247619047619046739e+01,3.999999999999998224e+00
8.558897243107769270e+01,6.611238662131519561e+01,9.252380952380953261e+01,3.999999999999998224e+00
8.571428571428570820e+01,6.630612244897959329e+01,9.257142857142855519e+01,3.999999999999998224e+00
8.583959899749373790e+01,6.650014172335600904e+01,9.261904761904762040e+01,3.999999999999998224e+00
8.596491228070175339e+01,6.669444444444444287e+01,9.266666666666665719e+01,3.999999999999998224e+00
8.609022556390976888e+01,6.688903061224489477e+01,9.271428571428572241e+01,3.999999999999998224e+00
8.621553884711778437e+01,6.708390022675736475e+01,9.276190476190475920e+01,3.999999999999998224e+00
8.634085213032579986e+01,6.727905328798186702e+01,9.280952380952382441e+01,3.999999999999998224e+00
8.646616541353382956e+01,6.747448979591835894e+01,9.285714285714284699e+01,3.999999999999998224e+00
8.659147869674185927e+01,6.767020975056688314e+01,9.290476190476191221e+01,3.999999999999998224e+00
8.671679197994987476e+01,6.786621315192743964e+01,9.295238095238093479e+01,3.999999999999998224e+00
8.684210526315790446e+01,6.806250000000001421e+01,9.300000000000000000e+01,3.999999999999998224e+00
8.696741854636591995e+01,6.825907029478457844e+01,9.304761904761903679e+01,3.999999999999998224e+00
8.709273182957393544e+01,6.845592403628117495e+01,9.309523809523810201e+01,3.999999999999998224e+00
8.721804511278195093e+01,6.865306122448978954e+01,9.314285714285712459e+01,3.999999999999998224e+00
8.734335839598996643e+01,6.885048185941042220e+01,9.319047619047620401e+01,3.999999999999998224e+00
8.746867167919799613e+01,6.904818594104307294e+01,9.323809523809522659e+01,3.999999999999998224e+00
8.759398496240601162e+01,6.924617346938774176e+01,9.328571428571429180e+01,3.999999999999998224e+00
8.771929824561402711e+01,6.944444444444442865e+01,9.333333333333332860e+01,3.999999999999998224e+00
8.784461152882205681e+01,6.964299886621316205e+01,9.338095238095237960e+01,3.999999999999998224e+00
8.796992481203007230e+01,6.984183673469388509e+01,9.342857142857144481e+01,3.999999999999998224e+00
8.809523809523808779e+01,7.004095804988659779e+01,9.347619047619048160e+01,3.999999999999998224e+00
8.822055137844611750e+01,7.024036281179137120e+01,9.352380952380950419e+01,3.999999999999998224e+00
8.834586466165413299e+01,7.044005102040814847e+01,9.357142857142856940e+01,3.999999999999998224e+00
8.847117794486216269e+01,7.064002267573697225e+01,9.361904761904762040e+01,3.999999999999998224e+00
8.859649122807017818e+01,7.084027777777778567e+01,9.366666666666667140e+01,3.999999999999998224e+00
8.872180451127819367e+01,7.104081632653060296e+01,9.371428571428570820e+01,3.999999999999998224e+00
8.884711779448622337e+01,7.124163832199548096e+01,9.376190476190477341e+01,3.999999999999998224e+00
8.897243107769423887e+01,7.144274376417233441e+01,9.380952380952381020e+01,3.999999999999998224e+00
8.909774436090225436e+01,7.164413265306122014e+01,9.385714285714286120e+01,3.999999999999998224e+00
8.922305764411026985e+01,7.184580498866213816e+01,9.390476190476191221e+01,3.999999999999998224e+00
8.934837092731828534e+01,7.204776077097503162e+01,9.395238095238094900e+01,3.999999999999998224e+00
8.947368421052631504e+01,7.224999999999998579e+01,9.400000000000000000e+01,3.999999999999998224e+00
8.959899749373433053e+01,7.245252267573695804e+01,9.404761904761905100e+01,3.999999999999998224e+00
8.972431077694234602e+01,7.265532879818593415e+01,9.409523809523810201e+01,3.999999999999998224e+00
8.984962406015037573e+01,7.285841836734695676e+01,9.414285714285715301e+01,3.999999999999998224e+00
8.997493734335839122e+01,7.306179138321996902e+01,9.419047619047618980e+01,3.999999999999998224e+00
9.010025062656640671e+01,7.326544784580497094e+01,9.423809523809524080e+01,3.999999999999998224e+00
9.022556390977443641e+01,7.346938775510203357e+01,9.428571428571427759e+01,3.999999999999998224e+00
9.035087719298245190e+01,7.367361111111110006e+01,9.433333333333334281e+01,3.999999999999998224e+00
9.047619047619048160e+01,7.387811791383221305e+01,9.438095238095239381e+01,3.999999999999998224e+00
9.060150375939849710e+01,7.408290816326531569e+01,9.442857142857143060e+01,3.999999999999998224e+00
9.072681704260651259e+01,7.428798185941042220e+01,9.447619047619048160e+01,3.999999999999998224e+00
9.085213032581454229e+01,7.449333900226757521e+01,9.452380952380951840e+01,3.999999999999998224e+00
9.097744360902255778e+01,7.469897959183674629e+01,9.457142857142856940e+01,3.999999999999998224e+00
9.110275689223057327e+01,7.490490362811792124e+01,9.461904761904762040e+01,3.999999999999998224e+00
9.122807017543858876e+01,7.511111111111110006e+01,9.466666666666667140e+01,3.999999999999998224e+00
9.135338345864660425e+01,7.531760204081631116e+01,9.471428571428572241e+01,3.999999999999998224e+00
9.147869674185463396e+01,7.552437641723356876e+01,9.476190476190475920e+01,3.999999999999998224e+00
9.160401002506264945e+01,7.573143424036281601e+01,9.480952380952381020e+01,3.999999999999998224e+00
9.172932330827066494e+01,7.593877551020408134e+01,9.485714285714286120e+01,3.999999999999998224e+00
9.185463659147869464e+01,7.614640022675736475e+01,9.490476190476189799e+01,3.999999999999998224e+00
9.197994987468672434e+01,7.635430839002268044e+01,9.495238095238094900e+01,3.999999999999998224e+00
9.210526315789473983e+01,7.656250000000000000e+01,9.500000000000000000e+01,3.999999999999998224e+00
9.223057644110275533e+01,7.677097505668933763e+01,9.504761904761905100e+01,3.999999999999998224e+00
9.235588972431077082e+01,7.697973356009067913e+01,9.509523809523810201e+01,3.999999999999998224e+00
9.248120300751880052e+01,7.718877551020408134e+01,9.514285714285713880e+01,3.999999999999998224e+00
9.260651629072681601e+01,7.739810090702947321e+01,9.519047619047618980e+01,3.999999999999998224e+00
9.273182957393483150e+01,7.760770975056688314e+01,9.523809523809522659e+01,3.999999999999998224e+00
9.285714285714286120e+01,7.781760204081632537e+01,9.528571428571427759e+01,3.999999999999998224e+00
9.298245614035087669e+01,7.802777777777777146e+01,9.533333333333334281e+01,3.999999999999998224e+00
9.310776942355889219e+01,7.823823696145124984e+01,9.538095238095237960e+01,3.999999999999998224e+00
9.323308270676690768e+01,7.844897959183673208e+01,9.542857142857143060e+01,3.999999999999998224e+00
9.335839598997492317e+01,7.866000566893423240e+01,9.547619047619046739e+01,3.999999999999998224e+00
9.348370927318295287e+01,7.887131519274375080e+01,9.552380952380951840e+01,3.999999999999998224e+00
9.360902255639096836e+01,7.908290816326530148e+01,9.557142857142856940e+01,3.999999999999998224e+00
9.373433583959899806e+01,7.929478458049885603e+01,9.561904761904762040e+01,3.999999999999998224e+00
9.385964912280701355e+01,7.950694444444444287e+01,9.566666666666667140e+01,3.999999999999998224e+00
9.398496240601504326e+01,7.971938775510204778e+01,9.571428571428570820e+01,3.999999999999998224e+00
9.411027568922305875e+01,7.993211451247164234e+01,9.576190476190475920e+01,3.999999999999998224e+00
9.423558897243107424e+01,8.014512471655326920e+01,9.580952380952381020e+01,3.999999999999998224e+00
9.436090225563908973e+01,8.035841836734692833e+01,9.585714285714284699e+01,3.999999999999998224e+00
9.448621553884711943e+01,8.057199546485260555e+01,9.590476190476189799e+01,3.999999999999998224e+00
9.461152882205513492e+01,8.078585600907027242e+01,9.595238095238094900e+01,3.999999999999998224e+00
9.473684210526315042e+01,8.099999999999998579e+01,9.600000000000000000e+01,3.999999999999998224e+00
9.486215538847118012e+01,8.121442743764171723e+01,9.604761904761905100e+01,3.999999999999998224e+00
9.498746867167919561e+01,8.142913832199546675e+01,9.609523809523808779e+01,3.999999999999998224e+00
9.511278195488721110e+01,8.164413265306123435e+01,9.614285714285713880e+01,3.999999999999998224e+00
9.523809523809522659e+01,8.185941043083899160e+01,9.619047619047617559e+01,3.999999999999998224e+00
9.536340852130325629e+01,8.207497165532878114e+01,9.623809523809524080e+01,3.999999999999998224e+00
9.548872180451127178e+01,8.229081632653061718e+01,9.628571428571429180e+01,3.999999999999998224e+00
9.561403508771930149e+01,8.250694444444444287e+01,9.633333333333332860e+01,3.999999999999998224e+00
9.573934837092731698e+01,8.272335600907028663e+01,9.638095238095237960e+01,3.999999999999998224e+00
9.586466165413534668e+01,8.294005102040816269e+01,9.642857142857141639e+01,3.999999999999998224e+00
9.598997493734336217e+01,8.315702947845804260e+01,9.647619047619046739e+01,3.999999999999998224e+00
9.611528822055137766e+01,8.337429138321994060e+01,9.652380952380951840e+01,3.999999999999998224e+00
9.624060150375939315e+01,8.359183673469387088e+01,9.657142857142856940e+01,3.999999999999998224e+00
9.636591478696740865e+01,8.380966553287979082e+01,9.661904761904762040e+01,3.999999999999998224e+00
9.649122807017543835e+01,8.402777777777777146e+01,9.666666666666665719e+01,3.999999999999998224e+00
9.661654135338345384e+01,8.424617346938775597e+01,9.671428571428570820e+01,3.999999999999998224e+00
9.674185463659146933e+01,8.446485260770974435e+01,9.676190476190475920e+01,3.999999999999998224e+00
9.686716791979949903e+01,8.468381519274376501e+01,9.680952380952379599e+01,3.999999999999998224e+00
9.699248120300751452e+01,8.490306122448980375e+01,9.685714285714286120e+01,3.999999999999998224e+00
9.711779448621553001e+01,8.512259070294783214e+01,9.690476190476189799e+01,3.999999999999998224e+00
9.724310776942355972e+01,8.534240362811790703e+01,9.695238095238094900e+01,3.999999999999998224e+00
9.736842105263157521e+01,8.556249999999998579e+01,9.700000000000000000e+01,3.999999999999998224e+00
9.749373433583960491e+01,8.578287981859411104e+01,9.704761904761906521e+01,3.999999999999998224e+00
9.761904761904762040e+01,8.600354308390024016e+01,9.709523809523808779e+01,3.999999999999998224e+00
9.774436090225563589e+01,8.622448979591835894e+01,9.714285714285712459e+01,3.999999999999998224e+00
9.786967418546366559e+01,8.644571995464853842e+01,9.719047619047617559e+01,3.999999999999998224e+00
9.799498746867168109e+01,8.666723356009070756e+01,9.723809523809524080e+01,3.999999999999998224e+00
9.812030075187969658e+01,8.688903061224489477e+01,9.728571428571427759e+01,3.999999999999998224e+00
9.824561403508771207e+01,8.711111111111110006e+01,9.733333333333332860e+01,3.999999999999998224e+00
9.837092731829572756e+01,8.733347505668932342e+01,9.738095238095236539e+01,3.999999999999998224e+00
9.849624060150375726e+01,8.755612244897959329e+01,9.742857142857144481e+01,3.999999999999998224e+00
9.862155388471177275e+01,8.777905328798185280e+01,9.747619047619046739e+01,3.999999999999998224e+00
9.874686716791978824e+01,8.800226757369614461e+01,9.752380952380953261e+01,3.999999999999998224e+00
9.887218045112781795e+01,8.822576530612245449e+01,9.757142857142856940e+01,3.999999999999998224e+00
9.899749373433583344e+01,8.844954648526076824e+01,9.761904761904762040e+01,3.999999999999998224e+00
9.912280701754386314e+01,8.867361111111110006e+01,9.766666666666665719e+01,3.999999999999998224e+00
9.924812030075187863e+01,8.889795918367346417e+01,9.771428571428572241e+01,3.999999999999998224e+00
9.937343358395989412e+01,8.912259070294784635e+01,9.776190476190474499e+01,3.999999999999998224e+00
9.949874686716792382e+01,8.934750566893423240e+01,9.780952380952381020e+01,3.999999999999998224e+00
9.962406015037593932e+01,8.957270408163265074e+01,9.785714285714284699e+01,3.999999999999998224e+00
9.974937343358395481e+01,8.979818594104307294e+01,9.790476190476191221e+01,3.999999999999998224e+00
9.987468671679198451e+01,9.002395124716554164e+01,9.795238095238096321e+01,3.999999999999998224e+00
1.000000000000000000e+02,9.025000000000000000e+01,9.800000000000001421e+01,3.999999999999998224e+00
